[
  {
    "outputFileName": "assets/css/screen.css",
    "inputFiles": [
      "assets/css/screen.css"
    ]
  },
  {
    "outputFileName": "assets/js/bundle.js",
    "inputFiles": [
      "assets/js/bootstrap-pagination.js",
      "assets/js/bootstrap-theme-selector.js",
      "assets/js/index.js",
      "assets/js/jquery.fitvids.js",
      "assets/js/link-to-icon-mapper.js",
      "assets/js/prism.js",
      "assets/js/site-init.js"
    ]
  },
  {
    "outputFileName": "assets/css/bundle.css",
    "inputFiles": [
      "assets/css/prism.css",
      "assets/css/screen.css"
    ]
  }
]